{"concept_dim": 5, "lambda_t": 0.001, "lambda_q": 0, "lambda_bias": 0, "student_learning_rate": 0.5, "learning_rate": 0.1, "max_iter": 50, "perf": {"4": {"train": [10927.0, 0.19399532157892257], "test": {"count": 2, "rmse": 0.338043385306883, "mae": 0.3069087637620305}}, "5": {"train": [10929.0, 0.19522710668841486], "test": {"count": 7, "rmse": 0.14612165297258622, "mae": 0.12507824564648093}}, "6": {"train": [10936.0, 0.19691448787667037], "test": {"count": 23, "rmse": 0.14599829700989575, "mae": 0.12746876473395008}}, "7": {"train": [10959.0, 0.1943768062737872], "test": {"count": 35, "rmse": 0.18756672687313736, "mae": 0.1405077104971248}}, "8": {"train": [10994.0, 0.19601705257560692], "test": {"count": 49, "rmse": 0.18431540096328383, "mae": 0.14823036262363848}}, "9": {"train": [11043.0, 0.19560448633223743], "test": {"count": 74, "rmse": 0.19260860407719557, "mae": 0.149740031968754}}, "10": {"train": [11117.0, 0.19601922406204297], "test": {"count": 84, "rmse": 0.16971725175906632, "mae": 0.13439190949717583}}, "11": {"train": [11201.0, 0.19386078201474183], "test": {"count": 82, "rmse": 0.14541276411549614, "mae": 0.12066683481653079}}, "12": {"train": [11283.0, 0.19513557634784953], "test": {"count": 91, "rmse": 0.21559371372384195, "mae": 0.16563108838377466}}, "13": {"train": [11374.0, 0.19479753842775693], "test": {"count": 86, "rmse": 0.19397923458164387, "mae": 0.14767413461565437}}, "14": {"train": [11460.0, 0.19419807207153478], "test": {"count": 83, "rmse": 0.19241239216717906, "mae": 0.15409022989633234}}, "15": {"train": [11543.0, 0.1944510245968367], "test": {"count": 77, "rmse": 0.18240431929609346, "mae": 0.14349517868705036}}, "16": {"train": [11620.0, 0.19565316726025142], "test": {"count": 66, "rmse": 0.17497448225014414, "mae": 0.1323690547053254}}, "17": {"train": [11686.0, 0.1940696559736608], "test": {"count": 53, "rmse": 0.19617631367819635, "mae": 0.1590966656475975}}, "18": {"train": [11739.0, 0.19411416093929615], "test": {"count": 46, "rmse": 0.20499243812037468, "mae": 0.14235194190707046}}, "19": {"train": [11785.0, 0.19407004153092955], "test": {"count": 40, "rmse": 0.20646441505582322, "mae": 0.16378145852194068}}, "20": {"train": [11825.0, 0.19422980520358155], "test": {"count": 36, "rmse": 0.20467024814151402, "mae": 0.1489382101529781}}, "21": {"train": [11861.0, 0.1925102024894152], "test": {"count": 31, "rmse": 0.24415827804199294, "mae": 0.1943637490445345}}, "22": {"train": [11892.0, 0.19350973378672945], "test": {"count": 24, "rmse": 0.23098506327633478, "mae": 0.1841982344737416}}, "23": {"train": [11916.0, 0.19303873127121135], "test": {"count": 17, "rmse": 0.2009884879087512, "mae": 0.16056715746661004}}, "24": {"train": [11933.0, 0.19432161291854397], "test": {"count": 16, "rmse": 0.19941175745673, "mae": 0.1663984134988559}}, "25": {"train": [11949.0, 0.19517701333342896], "test": {"count": 14, "rmse": 0.2555553422959701, "mae": 0.19826905292013136}}, "26": {"train": [11963.0, 0.19443536064974082], "test": {"count": 12, "rmse": 0.2429118998453907, "mae": 0.1690295650852215}}, "27": {"train": [11975.0, 0.19683137384919908], "test": {"count": 9, "rmse": 0.3294768144638511, "mae": 0.24355414060339373}}, "28": {"train": [11984.0, 0.19264869250986583], "test": {"count": 8, "rmse": 0.34881733841786083, "mae": 0.25978150599494}}, "29": {"train": [11992.0, 0.1940025482092924], "test": {"count": 7, "rmse": 0.2760708625567018, "mae": 0.2263262938963446}}, "30": {"train": [11999.0, 0.19437226227046478], "test": {"count": 6, "rmse": 0.3282835376834206, "mae": 0.30231466248622657}}, "31": {"train": [12005.0, 0.19708864972792245], "test": {"count": 6, "rmse": 0.1960295806739131, "mae": 0.18446347349933068}}, "32": {"train": [12011.0, 0.1935640906834633], "test": {"count": 4, "rmse": 0.12647716239290951, "mae": 0.11679549136615605}}, "33": {"train": [12015.0, 0.2008706864590198], "test": {"count": 3, "rmse": 0.35704914665137716, "mae": 0.3442814343260518}}, "34": {"train": [12018.0, 0.1947960266953627], "test": {"count": 3, "rmse": 0.3665616319600784, "mae": 0.3434135151076625}}, "35": {"train": [12021.0, 0.19432550651405978], "test": {"count": 3, "rmse": 0.3456935611930506, "mae": 0.2811544911226926}}, "36": {"train": [12024.0, 0.19458153388099225], "test": {"count": 1, "rmse": 0.5015486191767603, "mae": 0.5015486191767603}}, "37": {"train": [12025.0, 0.19408306633197137], "test": {"count": 1, "rmse": 0.4597859985472692, "mae": 0.4597859985472692}}, "38": {"train": [12026.0, 0.19466922391417654], "test": {"count": 1, "rmse": 0.4456006985516149, "mae": 0.4456006985516149}}, "39": {"train": [12027.0, 0.1948938482463467], "test": {"count": 1, "rmse": 0.44039358741528883, "mae": 0.44039358741528883}}, "40": {"train": [12028.0, 0.197308187770308], "test": {"count": 1, "rmse": 0.2879301234485966, "mae": 0.2879301234485966}}, "41": {"train": [12029.0, 0.194293817979995], "test": {"count": 1, "rmse": 0.0450552986283041, "mae": 0.0450552986283041}}, "42": {"train": [12030.0, 0.19497790177881807], "test": {"count": 1, "rmse": 0.060405136957424915, "mae": 0.060405136957424915}}, "43": {"train": [12031.0, 0.19552884058997366], "test": {}}, "44": {"train": [12031.0, 0.19643422037524866], "test": {}}, "45": {"train": [12031.0, 0.19423201087604278], "test": {}}, "46": {"train": [12031.0, 0.19835427630165597], "test": {}}, "47": {"train": [12031.0, 0.19406933450869873], "test": {}}, "test": {"count": 1104, "rmse": 0.2008969720668443, "mae": 0.15501730785638798}}}
