{"concept_dim": 5, "lambda_t": 0.001, "lambda_q": 0, "lambda_bias": 0, "student_learning_rate": 0.5, "learning_rate": 0.1, "max_iter": 50, "perf": {"3": {"train": [10954.0, 0.19699420586764702], "test": {"count": 1, "rmse": 0.045969482447982046, "mae": 0.045969482447982046}}, "4": {"train": [10955.0, 0.1970891622521164], "test": {"count": 4, "rmse": 0.31861864179432803, "mae": 0.20786293508381953}}, "5": {"train": [10959.0, 0.19750664717590297], "test": {"count": 10, "rmse": 0.13068360876056023, "mae": 0.11882199616105131}}, "6": {"train": [10969.0, 0.1965482637759223], "test": {"count": 14, "rmse": 0.18355896163974533, "mae": 0.1417575422588159}}, "7": {"train": [10983.0, 0.19655008332453489], "test": {"count": 31, "rmse": 0.2136706428953879, "mae": 0.1766575363601392}}, "8": {"train": [11014.0, 0.19504294908117764], "test": {"count": 54, "rmse": 0.16087566931542788, "mae": 0.13487853876177183}}, "9": {"train": [11068.0, 0.1965995779144041], "test": {"count": 65, "rmse": 0.17771758582118308, "mae": 0.1573959653246295}}, "10": {"train": [11133.0, 0.19576424518779212], "test": {"count": 80, "rmse": 0.17130751276338074, "mae": 0.13804198459702605}}, "11": {"train": [11213.0, 0.19445948368376803], "test": {"count": 96, "rmse": 0.17501803177076622, "mae": 0.14019555901479605}}, "12": {"train": [11309.0, 0.1949761091173521], "test": {"count": 92, "rmse": 0.1607767588305159, "mae": 0.1389250040696053}}, "13": {"train": [11401.0, 0.19440378106923578], "test": {"count": 92, "rmse": 0.1675893171763204, "mae": 0.13317544158568392}}, "14": {"train": [11493.0, 0.1944051609930691], "test": {"count": 82, "rmse": 0.15780813616011613, "mae": 0.11970958624618529}}, "15": {"train": [11575.0, 0.19309278939897537], "test": {"count": 72, "rmse": 0.18038824528508923, "mae": 0.13838036353952857}}, "16": {"train": [11647.0, 0.19422931177765557], "test": {"count": 66, "rmse": 0.21633616367405512, "mae": 0.1427402512851771}}, "17": {"train": [11713.0, 0.19342934911395404], "test": {"count": 58, "rmse": 0.25351983541206613, "mae": 0.1832736198459393}}, "18": {"train": [11771.0, 0.1940634298994101], "test": {"count": 53, "rmse": 0.21851193733654245, "mae": 0.16150630337216518}}, "19": {"train": [11824.0, 0.1955939610895754], "test": {"count": 43, "rmse": 0.19730644606038641, "mae": 0.1524933874645015}}, "20": {"train": [11867.0, 0.19652125061583656], "test": {"count": 36, "rmse": 0.1923889495248868, "mae": 0.12568078926887866}}, "21": {"train": [11903.0, 0.19437731670481653], "test": {"count": 25, "rmse": 0.20177677255927115, "mae": 0.1424297385468903}}, "22": {"train": [11928.0, 0.19461995230132909], "test": {"count": 20, "rmse": 0.2776766742748807, "mae": 0.21301610750316852}}, "23": {"train": [11948.0, 0.19455328084702603], "test": {"count": 16, "rmse": 0.28590007272943396, "mae": 0.20517614423897276}}, "24": {"train": [11964.0, 0.1945159490205365], "test": {"count": 14, "rmse": 0.27427942056479415, "mae": 0.2000601357304417}}, "25": {"train": [11978.0, 0.19569388100902432], "test": {"count": 10, "rmse": 0.2918845481818116, "mae": 0.21884425700573681}}, "26": {"train": [11988.0, 0.19631247196771223], "test": {"count": 8, "rmse": 0.27496203528758667, "mae": 0.20607326642290108}}, "27": {"train": [11996.0, 0.19367240128073385], "test": {"count": 7, "rmse": 0.26645797134738364, "mae": 0.22577037749796197}}, "28": {"train": [12003.0, 0.19511179346262428], "test": {"count": 6, "rmse": 0.17597386141477867, "mae": 0.16614989865072385}}, "29": {"train": [12009.0, 0.19886615990793538], "test": {"count": 6, "rmse": 0.26282828880638753, "mae": 0.22778049456152324}}, "30": {"train": [12015.0, 0.1948119678879317], "test": {"count": 4, "rmse": 0.30523141346382066, "mae": 0.1813111208694735}}, "31": {"train": [12019.0, 0.19555737841743187], "test": {"count": 3, "rmse": 0.34454416340337735, "mae": 0.22428672025993268}}, "32": {"train": [12022.0, 0.19469699915121505], "test": {"count": 3, "rmse": 0.21093755232594805, "mae": 0.1661291556932837}}, "33": {"train": [12025.0, 0.19436635642169092], "test": {"count": 3, "rmse": 0.2098591551709828, "mae": 0.1510090000164425}}, "34": {"train": [12028.0, 0.199329689279099], "test": {"count": 2, "rmse": 0.23992854221374546, "mae": 0.20393079483899557}}, "35": {"train": [12030.0, 0.1947083756655824], "test": {"count": 1, "rmse": 0.05412958328210782, "mae": 0.05412958328210782}}, "36": {"train": [12031.0, 0.1940008959800138], "test": {}}, "37": {"train": [12031.0, 0.19388398087682218], "test": {}}, "38": {"train": [12031.0, 0.19526231001015035], "test": {}}, "39": {"train": [12031.0, 0.1944282704726951], "test": {}}, "40": {"train": [12031.0, 0.20242298321780408], "test": {}}, "41": {"train": [12031.0, 0.19462133498187106], "test": {}}, "42": {"train": [12031.0, 0.19702895184556596], "test": {}}, "43": {"train": [12031.0, 0.19479194508943892], "test": {}}, "44": {"train": [12031.0, 0.195515551633799], "test": {}}, "45": {"train": [12031.0, 0.19549909533457932], "test": {}}, "46": {"train": [12031.0, 0.1944838807081866], "test": {}}, "47": {"train": [12031.0, 0.19363233420799478], "test": {}}, "test": {"count": 1077, "rmse": 0.19628176082563767, "mae": 0.14906711181199325}}}
