{"concept_dim": 5, "lambda_t": 0.001, "lambda_q": 0, "lambda_bias": 0, "student_learning_rate": 0.5, "learning_rate": 0.1, "max_iter": 50, "perf": {"4": {"train": [10935.0, 0.19597289793160028], "test": {"count": 2, "rmse": 0.38825554237282417, "mae": 0.38265407324554046}}, "5": {"train": [10937.0, 0.20020510776032638], "test": {"count": 10, "rmse": 0.2845607098061425, "mae": 0.24111928145370118}}, "6": {"train": [10947.0, 0.19412695214600326], "test": {"count": 22, "rmse": 0.1758212477972127, "mae": 0.14554348243956328}}, "7": {"train": [10969.0, 0.1946722539086084], "test": {"count": 35, "rmse": 0.205885376210627, "mae": 0.15950248138594394}}, "8": {"train": [11004.0, 0.1955312551270818], "test": {"count": 45, "rmse": 0.15909837007782476, "mae": 0.133694938111823}}, "9": {"train": [11049.0, 0.19454992549685668], "test": {"count": 59, "rmse": 0.1515782890843404, "mae": 0.12925782627672924}}, "10": {"train": [11108.0, 0.1952298673256941], "test": {"count": 74, "rmse": 0.18616366832476602, "mae": 0.15884646427983387}}, "11": {"train": [11182.0, 0.1947209322710392], "test": {"count": 86, "rmse": 0.18714719543224442, "mae": 0.14387849105317532}}, "12": {"train": [11268.0, 0.19656601335510515], "test": {"count": 93, "rmse": 0.22128522297318393, "mae": 0.1744020853627405}}, "13": {"train": [11361.0, 0.19491083201564235], "test": {"count": 94, "rmse": 0.1918701352770532, "mae": 0.13353197711153292}}, "14": {"train": [11455.0, 0.19371825919061633], "test": {"count": 85, "rmse": 0.17542945140309116, "mae": 0.1318040978402448}}, "15": {"train": [11540.0, 0.1953213652214886], "test": {"count": 83, "rmse": 0.20083618473444667, "mae": 0.15447740332011123}}, "16": {"train": [11623.0, 0.19506910272454803], "test": {"count": 74, "rmse": 0.17438404362503562, "mae": 0.13902941471286495}}, "17": {"train": [11697.0, 0.19636027988665117], "test": {"count": 67, "rmse": 0.1768200689846568, "mae": 0.13636759817284833}}, "18": {"train": [11764.0, 0.19492687932828462], "test": {"count": 63, "rmse": 0.19700815398114593, "mae": 0.13864881416648933}}, "19": {"train": [11827.0, 0.19436548055237982], "test": {"count": 46, "rmse": 0.22937133621298353, "mae": 0.16401389056520277}}, "20": {"train": [11873.0, 0.1967081142781904], "test": {"count": 37, "rmse": 0.22104629018794253, "mae": 0.15901340922678353}}, "21": {"train": [11910.0, 0.19458030522095535], "test": {"count": 28, "rmse": 0.2375926267743928, "mae": 0.18098255255807172}}, "22": {"train": [11938.0, 0.1946391723537672], "test": {"count": 23, "rmse": 0.2245388770854028, "mae": 0.16207033614423566}}, "23": {"train": [11961.0, 0.1955935309610122], "test": {"count": 15, "rmse": 0.21921449554603928, "mae": 0.18883150623443037}}, "24": {"train": [11976.0, 0.1934568203155828], "test": {"count": 11, "rmse": 0.20209009862462693, "mae": 0.139516435079907}}, "25": {"train": [11987.0, 0.19439942854838543], "test": {"count": 7, "rmse": 0.25788263240479076, "mae": 0.2230070177272039}}, "26": {"train": [11994.0, 0.1957835121189261], "test": {"count": 5, "rmse": 0.2514501306095416, "mae": 0.21421324716057458}}, "27": {"train": [11999.0, 0.1943432526235559], "test": {"count": 3, "rmse": 0.20363996757476077, "mae": 0.16815536787235444}}, "28": {"train": [12002.0, 0.19465474575955644], "test": {"count": 3, "rmse": 0.19560604951390897, "mae": 0.16431321482029235}}, "29": {"train": [12005.0, 0.19403548873925294], "test": {"count": 3, "rmse": 0.21679538496904172, "mae": 0.19910718684040485}}, "30": {"train": [12008.0, 0.19468409675317294], "test": {"count": 2, "rmse": 0.25666124801204526, "mae": 0.24749461658615055}}, "31": {"train": [12010.0, 0.19427824434599147], "test": {"count": 2, "rmse": 0.26770113152781516, "mae": 0.2633659867470555}}, "32": {"train": [12012.0, 0.1950649944153144], "test": {"count": 2, "rmse": 0.2377164964846256, "mae": 0.2304224437540119}}, "33": {"train": [12014.0, 0.1941098958091214], "test": {"count": 2, "rmse": 0.20648429189217138, "mae": 0.1775115825498444}}, "34": {"train": [12016.0, 0.19527444586726014], "test": {"count": 2, "rmse": 0.3264239993284264, "mae": 0.32354004043935314}}, "35": {"train": [12018.0, 0.19545934852473157], "test": {"count": 1, "rmse": 0.28266878138920026, "mae": 0.28266878138920026}}, "36": {"train": [12019.0, 0.1936383235541683], "test": {"count": 1, "rmse": 0.25683257859296654, "mae": 0.25683257859296654}}, "37": {"train": [12020.0, 0.19709811926269374], "test": {"count": 1, "rmse": 0.22659053119495753, "mae": 0.22659053119495753}}, "38": {"train": [12021.0, 0.19488030594744998], "test": {"count": 1, "rmse": 0.24166329120801175, "mae": 0.24166329120801175}}, "39": {"train": [12022.0, 0.19626495304332853], "test": {"count": 1, "rmse": 0.2600794362966307, "mae": 0.2600794362966307}}, "40": {"train": [12023.0, 0.19580161256536505], "test": {"count": 1, "rmse": 0.23835399166496293, "mae": 0.23835399166496293}}, "41": {"train": [12024.0, 0.19404968757837557], "test": {"count": 1, "rmse": 0.2347495735584098, "mae": 0.2347495735584098}}, "42": {"train": [12025.0, 0.19430380276313208], "test": {"count": 1, "rmse": 0.24151018140289007, "mae": 0.24151018140289007}}, "43": {"train": [12026.0, 0.19386151037252525], "test": {"count": 1, "rmse": 0.06269615299094561, "mae": 0.06269615299094561}}, "44": {"train": [12027.0, 0.19486285611488946], "test": {"count": 1, "rmse": 0.24538267479411796, "mae": 0.24538267479411796}}, "45": {"train": [12028.0, 0.1948568209988363], "test": {"count": 1, "rmse": 0.27215752685190864, "mae": 0.27215752685190864}}, "46": {"train": [12029.0, 0.1941910273075808], "test": {"count": 1, "rmse": 0.041860495826950395, "mae": 0.041860495826950395}}, "47": {"train": [12030.0, 0.19447942400014115], "test": {"count": 1, "rmse": 0.11493529560489768, "mae": 0.11493529560489768}}, "test": {"count": 1096, "rmse": 0.19749342206902967, "mae": 0.15210691680987987}}}
{"concept_dim": 5, "lambda_t": 0.001, "lambda_q": 0, "lambda_bias": 0, "student_learning_rate": 0.5, "learning_rate": 0.1, "max_iter": 50, "perf": {"4": {"train": [10935.0, 0.19597289793160028], "test": {"count": 2, "rmse": 0.38825554237282417, "mae": 0.38265407324554046}}, "5": {"train": [10937.0, 0.20020510776032638], "test": {"count": 10, "rmse": 0.2845607098061425, "mae": 0.24111928145370118}}, "6": {"train": [10947.0, 0.19412695214600326], "test": {"count": 22, "rmse": 0.1758212477972127, "mae": 0.14554348243956328}}, "7": {"train": [10969.0, 0.1946722539086084], "test": {"count": 35, "rmse": 0.205885376210627, "mae": 0.15950248138594394}}, "8": {"train": [11004.0, 0.1955312551270818], "test": {"count": 45, "rmse": 0.15909837007782476, "mae": 0.133694938111823}}, "9": {"train": [11049.0, 0.19454992549685668], "test": {"count": 59, "rmse": 0.1515782890843404, "mae": 0.12925782627672924}}, "10": {"train": [11108.0, 0.1952298673256941], "test": {"count": 74, "rmse": 0.18616366832476602, "mae": 0.15884646427983387}}, "11": {"train": [11182.0, 0.1947209322710392], "test": {"count": 86, "rmse": 0.18714719543224442, "mae": 0.14387849105317532}}, "12": {"train": [11268.0, 0.19656601335510515], "test": {"count": 93, "rmse": 0.22128522297318393, "mae": 0.1744020853627405}}, "13": {"train": [11361.0, 0.19491083201564235], "test": {"count": 94, "rmse": 0.1918701352770532, "mae": 0.13353197711153292}}, "14": {"train": [11455.0, 0.19371825919061633], "test": {"count": 85, "rmse": 0.17542945140309116, "mae": 0.1318040978402448}}, "15": {"train": [11540.0, 0.1953213652214886], "test": {"count": 83, "rmse": 0.20083618473444667, "mae": 0.15447740332011123}}, "16": {"train": [11623.0, 0.19506910272454803], "test": {"count": 74, "rmse": 0.17438404362503562, "mae": 0.13902941471286495}}, "17": {"train": [11697.0, 0.19636027988665117], "test": {"count": 67, "rmse": 0.1768200689846568, "mae": 0.13636759817284833}}, "18": {"train": [11764.0, 0.19492687932828462], "test": {"count": 63, "rmse": 0.19700815398114593, "mae": 0.13864881416648933}}, "19": {"train": [11827.0, 0.19436548055237982], "test": {"count": 46, "rmse": 0.22937133621298353,