{"concept_dim": 5, "lambda_t": 0.001, "lambda_q": 0, "lambda_bias": 0, "student_learning_rate": 0.5, "learning_rate": 0.1, "max_iter": 50, "perf": {"4": {"train": [10939.0, 0.1938058300163484], "test": {"count": 2, "rmse": 0.2640224436845227, "mae": 0.23208614004020617}}, "5": {"train": [10941.0, 0.19370222317471641], "test": {"count": 9, "rmse": 0.14827341545801118, "mae": 0.11101534642853053}}, "6": {"train": [10950.0, 0.1946984684146875], "test": {"count": 15, "rmse": 0.2216146722345299, "mae": 0.18034539487792178}}, "7": {"train": [10965.0, 0.19436523371249764], "test": {"count": 41, "rmse": 0.20014238396256284, "mae": 0.16863036062569048}}, "8": {"train": [11006.0, 0.19410358032217018], "test": {"count": 56, "rmse": 0.19891913090229124, "mae": 0.16815310521099394}}, "9": {"train": [11062.0, 0.19399150124447134], "test": {"count": 68, "rmse": 0.20140278722592697, "mae": 0.16768942421188268}}, "10": {"train": [11130.0, 0.1923512426119563], "test": {"count": 81, "rmse": 0.20522572202115172, "mae": 0.15659606626442563}}, "11": {"train": [11211.0, 0.19295776622658728], "test": {"count": 89, "rmse": 0.15584864618168107, "mae": 0.119605428340298}}, "12": {"train": [11300.0, 0.19155641846361876], "test": {"count": 90, "rmse": 0.20127448903913486, "mae": 0.1595630328702239}}, "13": {"train": [11390.0, 0.19923643862684065], "test": {"count": 82, "rmse": 0.1826335421277906, "mae": 0.13986601940171306}}, "14": {"train": [11472.0, 0.19523110403305863], "test": {"count": 72, "rmse": 0.1778132486657097, "mae": 0.13812875993827756}}, "15": {"train": [11544.0, 0.1940672715987513], "test": {"count": 66, "rmse": 0.22994868435917135, "mae": 0.173105808300798}}, "16": {"train": [11610.0, 0.19363115111861326], "test": {"count": 61, "rmse": 0.18683090566394003, "mae": 0.1311148299402604}}, "17": {"train": [11671.0, 0.19478646506203234], "test": {"count": 58, "rmse": 0.19126949741843208, "mae": 0.14375796998974408}}, "18": {"train": [11729.0, 0.1943449928553275], "test": {"count": 50, "rmse": 0.21399890253959564, "mae": 0.16688121948320767}}, "19": {"train": [11779.0, 0.19452304030022682], "test": {"count": 43, "rmse": 0.19101511057558354, "mae": 0.15511086139035654}}, "20": {"train": [11822.0, 0.19393687832261883], "test": {"count": 39, "rmse": 0.1799078936524775, "mae": 0.13912291462913173}}, "21": {"train": [11861.0, 0.1927433689479917], "test": {"count": 32, "rmse": 0.200231643344489, "mae": 0.1457935097184526}}, "22": {"train": [11893.0, 0.19245745444199303], "test": {"count": 25, "rmse": 0.21453788889386327, "mae": 0.15643427052342043}}, "23": {"train": [11918.0, 0.19357038462121853], "test": {"count": 20, "rmse": 0.23406519440140455, "mae": 0.1920015949035453}}, "24": {"train": [11938.0, 0.1941680550911696], "test": {"count": 15, "rmse": 0.29001325978011516, "mae": 0.20828277656076372}}, "25": {"train": [11953.0, 0.1936538160067246], "test": {"count": 12, "rmse": 0.3409492786562828, "mae": 0.26384169559938403}}, "26": {"train": [11965.0, 0.19356394045170455], "test": {"count": 12, "rmse": 0.2701923081894265, "mae": 0.18288229581146945}}, "27": {"train": [11977.0, 0.1945342969289587], "test": {"count": 12, "rmse": 0.1392769729048396, "mae": 0.11331336503864957}}, "28": {"train": [11989.0, 0.193556125674239], "test": {"count": 11, "rmse": 0.28625436898261586, "mae": 0.20041153330983005}}, "29": {"train": [12000.0, 0.1941938805748642], "test": {"count": 9, "rmse": 0.3680674054364479, "mae": 0.2972763388755134}}, "30": {"train": [12009.0, 0.19536711556016798], "test": {"count": 5, "rmse": 0.49090294706244125, "mae": 0.43998909328667696}}, "31": {"train": [12014.0, 0.19575514143443695], "test": {"count": 4, "rmse": 0.35576584959386987, "mae": 0.34334349727205304}}, "32": {"train": [12018.0, 0.19470935854066432], "test": {"count": 3, "rmse": 0.24037145095709367, "mae": 0.2186328054809491}}, "33": {"train": [12021.0, 0.19424813850676723], "test": {"count": 2, "rmse": 0.26642780051619297, "mae": 0.1899384737164688}}, "34": {"train": [12023.0, 0.1948880188878809], "test": {"count": 2, "rmse": 0.19811297884980472, "mae": 0.18056537953149188}}, "35": {"train": [12025.0, 0.19389111689419528], "test": {"count": 2, "rmse": 0.6934068710076119, "mae": 0.6818061711273364}}, "36": {"train": [12027.0, 0.1947409645857316], "test": {"count": 2, "rmse": 0.3324057370699862, "mae": 0.32539803302759995}}, "37": {"train": [12029.0, 0.1951068551907521], "test": {"count": 1, "rmse": 0.5851330333274519, "mae": 0.5851330333274519}}, "38": {"train": [12030.0, 0.19499261275738353], "test": {"count": 1, "rmse": 0.6256546598774451, "mae": 0.6256546598774451}}, "39": {"train": [12031.0, 0.19489120590027195], "test": {}}, "40": {"train": [12031.0, 0.19522999947478678], "test": {}}, "41": {"train": [12031.0, 0.19550339424909205], "test": {}}, "42": {"train": [12031.0, 0.19523056210827835], "test": {}}, "43": {"train": [12031.0, 0.19537146667148236], "test": {}}, "44": {"train": [12031.0, 0.19372904931048934], "test": {}}, "45": {"train": [12031.0, 0.19462275344029326], "test": {}}, "46": {"train": [12031.0, 0.1945452624644939], "test": {}}, "47": {"train": [12031.0, 0.1950598591476674], "test": {}}, "test": {"count": 1092, "rmse": 0.2101370774658835, "mae": 0.1598378122818823}}}
