{"concept_dim": 5, "lambda_t": 0.001, "lambda_q": 0, "lambda_bias": 0, "student_learning_rate": 0.5, "learning_rate": 0.1, "max_iter": 50, "perf": {"3": {"train": [10898.0, 0.1945372861824993], "test": {"count": 1, "rmse": 0.18064542109337312, "mae": 0.18064542109337312}}, "4": {"train": [10899.0, 0.19584946371448286], "test": {"count": 1, "rmse": 0.10314287264537625, "mae": 0.10314287264537625}}, "5": {"train": [10900.0, 0.19304886284402503], "test": {"count": 2, "rmse": 0.34686376653146916, "mae": 0.3421899002348569}}, "6": {"train": [10902.0, 0.19400087946794903], "test": {"count": 11, "rmse": 0.20644683343337672, "mae": 0.17539083939651778}}, "7": {"train": [10913.0, 0.19520657322946955], "test": {"count": 27, "rmse": 0.20642830333158071, "mae": 0.1767001465644833}}, "8": {"train": [10940.0, 0.19412558873400249], "test": {"count": 48, "rmse": 0.15445311509957355, "mae": 0.1378644556113118}}, "9": {"train": [10988.0, 0.19286980205695098], "test": {"count": 67, "rmse": 0.16957877631000629, "mae": 0.13402816121985778}}, "10": {"train": [11055.0, 0.19267050522946172], "test": {"count": 82, "rmse": 0.1795138643109054, "mae": 0.1503650089851534}}, "11": {"train": [11137.0, 0.1939018819425371], "test": {"count": 92, "rmse": 0.1733983966323424, "mae": 0.1426547580055326}}, "12": {"train": [11229.0, 0.19198062403464558], "test": {"count": 99, "rmse": 0.19599431107684315, "mae": 0.15119458709040423}}, "13": {"train": [11328.0, 0.19273141449926928], "test": {"count": 98, "rmse": 0.22059914590518748, "mae": 0.17750847055688945}}, "14": {"train": [11426.0, 0.19339195991682678], "test": {"count": 91, "rmse": 0.20899453598712195, "mae": 0.16337292480577473}}, "15": {"train": [11517.0, 0.19214667661805893], "test": {"count": 81, "rmse": 0.22057946271948986, "mae": 0.14674297591701985}}, "16": {"train": [11598.0, 0.19410495153343307], "test": {"count": 73, "rmse": 0.23089221085503464, "mae": 0.17485148340364542}}, "17": {"train": [11671.0, 0.19652122148904178], "test": {"count": 62, "rmse": 0.23619178938158683, "mae": 0.1745581824633294}}, "18": {"train": [11733.0, 0.19442726404827043], "test": {"count": 52, "rmse": 0.19971084837410175, "mae": 0.13767175295918255}}, "19": {"train": [11785.0, 0.1935771571667179], "test": {"count": 44, "rmse": 0.288221961454818, "mae": 0.20744946535927095}}, "20": {"train": [11829.0, 0.19383112028390184], "test": {"count": 40, "rmse": 0.18840065294488234, "mae": 0.1596665612427067}}, "21": {"train": [11869.0, 0.1945151764482409], "test": {"count": 33, "rmse": 0.19971986873513958, "mae": 0.15975879386213965}}, "22": {"train": [11902.0, 0.19405766050825288], "test": {"count": 25, "rmse": 0.22361876167602424, "mae": 0.18788707225962317}}, "23": {"train": [11927.0, 0.19429906116726486], "test": {"count": 19, "rmse": 0.22198741825118956, "mae": 0.18220988087100046}}, "24": {"train": [11946.0, 0.1930667465227628], "test": {"count": 11, "rmse": 0.22961151478066724, "mae": 0.1835215870138387}}, "25": {"train": [11957.0, 0.19290357765775862], "test": {"count": 11, "rmse": 0.2648430543895037, "mae": 0.19254192364152783}}, "26": {"train": [11968.0, 0.19388203091835388], "test": {"count": 10, "rmse": 0.2861540305935716, "mae": 0.23304283117937552}}, "27": {"train": [11978.0, 0.19354310256080182], "test": {"count": 8, "rmse": 0.4588265923576934, "mae": 0.39412618092819796}}, "28": {"train": [11986.0, 0.19451584497827845], "test": {"count": 5, "rmse": 0.34545965700308573, "mae": 0.2632088996464523}}, "29": {"train": [11991.0, 0.19453856724797297], "test": {"count": 5, "rmse": 0.12309099286373228, "mae": 0.08053749241697133}}, "30": {"train": [11996.0, 0.19592442801834725], "test": {"count": 5, "rmse": 0.2557094969617849, "mae": 0.16851769268478714}}, "31": {"train": [12001.0, 0.19555433431831692], "test": {"count": 5, "rmse": 0.21608101759948137, "mae": 0.17886809875867576}}, "32": {"train": [12006.0, 0.19640698948392335], "test": {"count": 5, "rmse": 0.20558545232752867, "mae": 0.18146256125845703}}, "33": {"train": [12011.0, 0.1950000019256419], "test": {"count": 5, "rmse": 0.3232739851058253, "mae": 0.2733717883579677}}, "34": {"train": [12016.0, 0.19392035942084335], "test": {"count": 3, "rmse": 0.41246222786470166, "mae": 0.35942601878493363}}, "35": {"train": [12019.0, 0.19399851245970287], "test": {"count": 3, "rmse": 0.4230489834910212, "mae": 0.3694556288198552}}, "36": {"train": [12022.0, 0.19521306327627974], "test": {"count": 2, "rmse": 0.4133359783706635, "mae": 0.32519385860593897}}, "37": {"train": [12024.0, 0.1944139060467405], "test": {"count": 2, "rmse": 0.2590210312197011, "mae": 0.21768713810619955}}, "38": {"train": [12026.0, 0.1947636875917708], "test": {"count": 2, "rmse": 0.4480143688131541, "mae": 0.38061989325129475}}, "39": {"train": [12028.0, 0.1966312418029878], "test": {"count": 2, "rmse": 0.1340806195327054, "mae": 0.10493096017627675}}, "40": {"train": [12030.0, 0.1960650450615657], "test": {"count": 1, "rmse": 0.029504197249914488, "mae": 0.029504197249914488}}, "41": {"train": [12031.0, 0.19570744950776436], "test": {}}, "42": {"train": [12031.0, 0.1951569315929187], "test": {}}, "43": {"train": [12031.0, 0.1963761568447979], "test": {}}, "44": {"train": [12031.0, 0.19485112750250816], "test": {}}, "45": {"train": [12031.0, 0.19324836786966818], "test": {}}, "46": {"train": [12031.0, 0.19623601058055729], "test": {}}, "47": {"train": [12031.0, 0.1954325263188082], "test": {}}, "test": {"count": 1133, "rmse": 0.21558103053113065, "mae": 0.1651822190430455}}}
